"ID","name","exitDataSet","lastElection","termsServed","finalVotePct","Party","needGhostRow"
3148,"CARDIN, Pierre Joseph Arthur",1,"1945-06-11",11,76.18,"Ind.",1
3470,"POWER, Charles Gavan",1,"1953-08-10",9,74.86,"Lib",1
3717,"CASSELMAN, A.",1,"1958-03-31",10,69.16,"P.C.",1
3725,"SENN, Mark Cecil",1,"1945-06-11",6,54.14,"P.C.",1
3816,"CHURCH, Thomas Langton",1,"1949-06-27",4,37.89,"P.C.",1
3832,"HARRIS, Joseph H.",1,"1949-06-27",7,42.25,"P.C.",1
3935,"POULIOT, Jean Francois",1,"1953-08-10",8,57.86,"Lib",1
4017,"STIRLING, Grote",1,"1945-06-11",6,39.21,"P.C.",1
4130,"ROWE, W. Earl",1,"1962-06-18",11,53.72,"P.C.",1
4197,"BRADETTE, Joseph Arthur",1,"1949-06-27",5,47.2,"Lib",1
4237,"RAYMOND, Maxime",1,"1945-06-11",5,46.85,"Ind.",1
4271,"LACOMBE, Joseph Romeo Liguori",1,"1945-06-11",2,51.11,"Ind.",1
4402,"GLEN, James Allison",1,"1945-06-11",2,38.52,"Lib",1
4420,"EMMERSON, Henry Read",1,"1945-06-11",2,52.97,"Lib",1
4430,"ILSLEY, James Lorimer",1,"1945-06-11",4,55.68,"Lib",1
4438,"MACDONALD, W. Ross",1,"1949-06-27",3,53.53,"Lib",1
4620,"REID, Thom",1,"1949-06-27",4,42.42,"Lib",1
4622,"MACKENZIE, Ian Alistair",1,"1945-06-11",3,29.76,"Lib",1
4624,"MACINNIS, Angus",1,"1953-08-10",5,46.18,"CCF",1
4760,"GRANT, Thomas Vincent",1,"1945-06-11",2,50.3,"Lib",1
4780,"FOURNIER, Alphonse",1,"1949-06-27",4,65.53,"Lib",1
4800,"DUBOIS, Lucien",1,"1945-06-11",3,51.19,"Ind.",1
4877,"JEAN, Joseph",1,"1949-06-27",4,64.52,"Lib",1
4881,"GOLDING, William Henry",1,"1945-06-11",3,50.55,"Lib",1
4901,"QUELCH, Victor",1,"1957-06-10",5,52.94,"Ind.",1
4908,"FAIR, Robert",1,"1953-08-10",4,50.65,"Ind.",1
4920,"MARSHALL, James Alexander",1,"1945-06-11",2,46.06,"Ind.",1
4928,"MACKINNON, James A.",1,"1945-06-11",2,33.23,"Lib",1
4952,"JAQUES, Norman",1,"1945-06-11",2,39.8,"Ind.",1
4971,"HERRIDGE, Herbert W.",1,"1965-11-08",7,39.09,"N.D.P.",1
5005,"MATTHEWS, James Ewen",1,"1949-06-27",3,55.27,"Lib",1
5010,"WINKLER, Howard Waldemar",1,"1949-06-27",3,56.23,"Lib",1
5022,"LEADER, Harry",1,"1945-06-11",2,44.69,"Lib",1
5049,"MUTCH, Leslie Alexander",1,"1949-06-27",3,47.83,"Lib",1
5054,"MAYBANK, Ralph",1,"1949-06-27",3,54.68,"Lib",1
5055,"KNOWLES, Stanley",1,"1980-02-18",7,57,"N.D.P.",1
5068,"BROOKS, Alfred J.",1,"1958-03-31",6,59.85,"P.C.",1
5092,"ISNOR, Gordon B.",1,"1949-06-27",3,29.33,"Lib",1
5106,"FARQUHAR, Thomas",1,"1945-06-11",2,48.88,"Lib",1
5145,"MARTIN, Paul",1,"1965-11-08",9,63.78,"Lib",1
5148,"CLARK, Stuart Murray",1,"1953-08-10",4,58.87,"Lib",1
5153,"MCIVOR, Dan",1,"1957-06-10",5,38.21,"Lib",1
5161,"MASSEY, Denton",1,"1945-06-11",2,48.86,"P.C.",1
5172,"CLEAVER, Hughes",1,"1949-06-27",3,49.02,"Lib",1
5204,"LOCKHART, Norman J.",1,"1945-06-11",2,48.32,"P.C.",1
5247,"GRAYDON, Gordon",1,"1953-08-10",4,53.29,"P.C.",1
5263,"TUSTIN, George James",1,"1953-08-10",4,53.69,"P.C.",1
5287,"ROSS, Douglas Gooderham",1,"1945-06-11",2,40.68,"P.C.",1
5291,"CHEVRIER, Lionel",1,"1963-04-08",8,44.86,"Lib",1
5293,"LITTLE, Walter",1,"1949-06-27",3,40.61,"Lib",1
5311,"GLADSTONE, Robert W.",1,"1945-06-11",2,45.19,"Lib",1
5315,"LENNARD, Frank Exton",1,"1958-03-31",4,65.53,"P.C.",1
5351,"BRUNELLE, Herve Edgar",1,"1945-06-11",2,53.24,"Lib",1
5357,"BLACK, Donald E.",1,"1949-06-27",3,58.69,"Lib",1
5361,"TREMBLAY, Leonard David",1,"1949-06-27",3,47.29,"Lib",1
5378,"LALONDE, Maurice",1,"1945-06-11",2,53.25,"Lib",1
5381,"BERTRAND, Ernest",1,"1949-06-27",3,74.39,"Lib",1
5391,"FOURNIER, Sarto",1,"1949-06-27",3,67.2,"Lib",1
5412,"MCDONALD, Wallace Reginald",1,"1945-06-11",2,41.38,"Lib",1
5424,"MULLINS, James Patrick",1,"1945-06-11",2,52.98,"Lib",1
5439,"DENIS, Azellus",1,"1963-04-08",8,51.01,"Lib",1
5519,"TUCKER, Walter Adam",1,"1945-06-11",2,50.47,"Lib",1
5558,"WARREN, Ralph Melville",1,"1949-06-27",3,50.7,"Lib",1
5560,"MACLEAN, Matthew",1,"1949-06-27",3,56.84,"Lib",1
5562,"MAYHEW, Robert Wellington",1,"1949-06-27",3,55.97,"Lib",1
5566,"BONNIER, Joseph Arsene",1,"1957-06-10",5,49.12,"Lib",1
5577,"HOMUTH, Karl",1,"1949-06-27",3,38.74,"P.C.",1
5582,"MARIER, Elphege",1,"1949-06-27",3,60.95,"Lib",1
5591,"DECHENE, Joseph Miville",1,"1957-06-10",4,41.45,"Lib",1
5678,"ROSS, James Arthur",1,"1949-06-27",2,48.15,"P.C.",1
5691,"LEGER, Aurel D.",1,"1949-06-27",2,49.01,"Lib",1
5696,"HATFIELD, Heber Harold",1,"1949-06-27",2,54.98,"P.C.",1
5706,"BLACK, Percy Chapman",1,"1949-06-27",2,49.82,"P.C.",1
5709,"MACDONALD, William Chisholm",1,"1945-06-11",1,22.49,"Lib",1
5713,"MCGARRY, Moses Elijah",1,"1945-06-11",1,54.75,"Lib",1
5721,"NIXON, George Ewart",1,"1965-11-08",8,35.91,"Lib",1
5743,"MACDIARMID, William B.",1,"1945-06-11",1,59.98,"Lib",1
5752,"ROSS, Tom",1,"1953-08-10",3,45.22,"Lib",1
5754,"GIBSON, Colin",1,"1949-06-27",2,43.51,"Lib",1
5755,"STOKES, George Henry",1,"1945-06-11",1,48.61,"P.C.",1
5758,"WHITE, George Stanley",1,"1957-06-10",4,62,"P.C.",1
5759,"CAMERON, Alan John Patrick",1,"1965-11-08",2,49.71,"Lib",1
5761,"CARDIFF, Elston",1,"1963-04-08",7,54.59,"P.C.",1
5784,"MCILRAITH, George",1,"1968-06-25",9,57.74,"Lib",1
5787,"BRUCE, Herbert A.",1,"1945-06-11",1,43.22,"P.C.",1
5793,"FRASER, Gordon Knapman",1,"1958-03-31",5,66.78,"P.C.",1
5827,"NOSEWORTHY, Joseph W.",1,"1953-08-10",1,36.03,"CCF",1
5828,"ADAMSON, Rodney",1,"1953-08-10",3,41.48,"P.C.",1
5834,"DOUGLAS, James Lester",1,"1949-06-27",2,25.66,"Lib",1
5840,"PICARD, L. Philippe",1,"1953-08-10",3,59.42,"Lib",1
5844,"HALLE, Maurice",1,"1945-06-11",1,50.93,"Lib",1
5860,"EUDES, Raymond",1,"1963-04-08",7,46.36,"Lib",1
5879,"LAFONTAINE, Joseph",1,"1957-06-10",4,64.95,"Lib",1
5905,"HEALY, Thomas Patrick",1,"1953-08-10",3,83.75,"Lib",1
5909,"ABBOTT, Douglas Charles",1,"1953-08-10",3,57.13,"Lib",1
5920,"CLAXTON, Brooke",1,"1953-08-10",3,62.2,"Lib",1
5928,"BERTRAND, Lionel",1,"1949-06-27",2,66.89,"Lib",1
5934,"COTE, Paul Emile",1,"1953-08-10",3,68.5,"Lib",1
5947,"DIEFENBAKER, John George",1,"1979-05-22",12,48.96,"P.C.",1
5978,"BLACK, George",1,"1945-06-11",1,40.05,"P.C.",1
5981,"BOUCHER, G. Russell",1,"1945-06-11",1,62.26,"P.C.",1
5983,"BREITHAUPT, Louis O.",1,"1949-06-27",2,55.21,"Lib",1
5992,"MITCHELL, Humphrey",1,"1949-06-27",2,47.28,"Lib",1
5996,"ST LAURENT, tres hon. Louis Stephen",1,"1957-06-10",4,72,"Lib",1
5997,"FAUTEUX, Gaspard",1,"1949-06-27",2,63.47,"Lib",1
6013,"ROSE, Fred",1,"1945-06-11",1,40.84,"Ind.",1
6038,"HARKNESS, Douglas S.",1,"1968-06-25",8,47.07,"P.C.",1
6041,"SMITH, Arthur LeRoy",1,"1949-06-27",1,42.65,"P.C.",1
6067,"WYLIE, William Duncan",1,"1953-08-10",2,48,"Ind.",1
6084,"GIBSON, John Lambert",1,"1949-06-27",1,59.42,"Ind.",1
6089,"FULTON, Edmund Davie",1,"1962-06-18",5,43.13,"P.C.",1
6099,"PEARKES, George R.",1,"1958-03-31",4,65.6,"P.C.",1
6159,"WOOD, Robert James",1,"1953-08-10",1,43.89,"Lib",1
6189,"RICHARD, C.T.",1,"1949-06-27",1,69.78,"Lib",1
6193,"MICHAUD, Benoit",1,"1949-06-27",1,65.43,"Lib",1
6213,"STANFIELD, Frank Thomas",1,"1949-06-27",1,49.25,"P.C.",1
6246,"ROBINSON, Andy Ernest",1,"1962-06-18",3,51.62,"P.C.",1
6262,"FLEMING, Donald M.",1,"1962-06-18",5,45.49,"P.C.",1
6267,"COYLE, Charles Delmer",1,"1953-08-10",2,53.74,"P.C.",1
6311,"BENIDICKSON, William Moore",1,"1963-04-08",6,62.17,"Ind.",1
6323,"BLAIR, William G.",1,"1957-06-10",3,72.08,"P.C.",1
6331,"WHITE, Harry Oliver",1,"1958-03-31",4,69.41,"P.C.",1
6336,"GAUTHIER, J. Leoda",1,"1957-06-10",3,42.6,"Lib",1
6351,"RICHARD, J. T.",1,"1968-06-25",8,78.64,"Lib",1
6366,"MCDONALD, Bucko",1,"1953-08-10",2,49.77,"Lib",1
6388,"GOUR, Joseph Omer",1,"1958-03-31",4,50.34,"Lib",1
6395,"FERGUSON, Julian Harcourt",1,"1953-08-10",2,51.61,"P.C.",1
6397,"CROLL, David A.",1,"1953-08-10",2,56.85,"Lib",1
6401,"BREWIN, Andrew",1,"1974-07-08",5,34.73,"N.D.P.",1
6410,"HODGSON, Clayton W.",1,"1962-06-18",5,54.64,"P.C.",1
6429,"SMITH, Jack",1,"1953-08-10",2,48.92,"Lib",1
6441,"MACLEAN, J. Angus",1,"1974-07-08",9,50.61,"P.C.",1
6462,"PINARD, Roch",1,"1953-08-10",2,66.2,"Lib",1
6469,"GOURD, David",1,"1953-08-10",2,49.79,"Lib",1
6502,"LAPALME, Georges Emile",1,"1949-06-27",1,57.35,"Lib",1
6507,"MARQUIS, Eugene",1,"1949-06-27",1,71.32,"Lib",1
6512,"DION, Joseph Alfred",1,"1949-06-27",1,49.66,"Lib",1
6527,"COTE, A. Phileas",1,"1949-06-27",1,50.29,"Lib",1
6539,"LESAGE, Jean",1,"1958-03-31",4,52.18,"Lib",1
6546,"RINFRET, Edouard G.",1,"1949-06-27",1,76.32,"Lib",1
6577,"BELZILE, Gleason",1,"1949-06-27",1,48.38,"Lib",1
6609,"BEAUDRY, Roland",1,"1957-06-10",3,40.98,"Lib",1
6614,"COTE, Alcide",1,"1953-08-10",2,87.78,"Lib",1
6642,"BEAUDOIN, Louis Rene",1,"1957-06-10",3,68.49,"Lib",1
6655,"RAYMOND, Leon Joseph",1,"1949-06-27",1,65.72,"Lib",1
6694,"HAMILTON, Alvin",1,"1984-09-04",4,49.83,"P.C.",1
6727,"COURNOYER, Gerard",1,"1949-06-27",1,66.53,"Lib",1
6730,"HARTT, Maurice",1,"1949-06-27",1,52.75,"Lib",1
6748,"PEARSON, Lester B.",1,"1965-11-08",7,54.15,"Lib",1
6751,"BOUCHER, William Albert",1,"1949-06-27",1,61.99,"Lib",1
6754,"NOWLAN, George Clyde",1,"1963-04-08",5,49.76,"P.C.",1
6758,"DREW, George Alexander",1,"1953-08-10",2,55.25,"P.C.",1
6788,"PRUDHAM, George",1,"1953-08-10",1,43.02,"Lib",1
6802,"DECORE, John",1,"1953-08-10",1,46.98,"Lib",1
6815,"BYRNE, Jim",1,"1965-11-08",2,31.67,"Lib",1
6833,"MACDOUGALL, John Lorne",1,"1953-08-10",1,34.72,"Lib",1
6862,"CHURCHILL, Gordon",1,"1965-11-08",6,41.84,"P.C.",1
6869,"MCWILLIAM, George Roy",1,"1965-11-08",6,51.65,"Lib",1
6886,"CARTER, Chesley William",1,"1965-11-08",6,74.9,"Lib",1
6888,"ASHBOURNE, Thomas Gordon William",1,"1957-06-10",2,75.41,"Lib",1
6897,"STICK, Leonard T.",1,"1957-06-10",2,69.28,"Lib",1
6963,"BENNETT, Colin Emerson",1,"1953-08-10",1,48.04,"Lib",1
7004,"GARLAND, Jack",1,"1963-04-08",5,59.59,"Lib",1
7053,"EYRE, Karl Arless",1,"1953-08-10",1,39.74,"Lib",1
7057,"CONACHER, Lionel",1,"1953-08-10",1,40.94,"Lib",1
7068,"HOSKING, Henry Alfred",1,"1953-08-10",1,45.4,"Lib",1
7079,"MACDONALD, John A.",1,"1958-03-31",1,56.37,"P.C.",1
7084,"VALOIS, Philippe",1,"1957-06-10",2,41.89,"Lib",1
7094,"LANGLOIS, Joseph",1,"1957-06-10",2,53.52,"Lib",1
7107,"ROCHEFORT, Irenee",1,"1957-06-10",2,57.95,"Lib",1
7137,"COURTEMANCHE, Henri",1,"1958-03-31",1,58.06,"P.C.",1
7142,"RATELLE, J. Georges",1,"1958-03-31",3,51.35,"Lib",1
7169,"MACNAUGHTON, Alan",1,"1963-04-08",5,70.35,"Lib",1
7172,"BOISVERT, Maurice",1,"1953-08-10",1,49.2,"Lib",1
7176,"MEUNIER, Adrien",1,"1962-06-18",3,54.93,"Lib",1
7246,"BALCER, Leon",1,"1963-04-08",5,44.69,"P.C.",1
7254,"DUMAS, Armand",1,"1958-03-31",3,35.01,"Lib",1
7305,"NADON, Joseph Celestin",1,"1953-08-10",1,65.79,"Lib",1
7309,"LEFRANCOIS, J. Eugene",1,"1953-08-10",1,70.15,"Lib",1
7314,"HEES, George",1,"1962-06-18",4,40.74,"P.C.",1
7321,"CRESTOHL, Leon David",1,"1962-06-18",4,49.28,"Lib",1
7324,"MCMILLAN, William H.",1,"1963-04-08",5,55.27,"Lib",1
7331,"DINSDALE, Walter",1,"1980-02-18",11,46.87,"P.C.",1
7337,"NICKLE, Carl O.",1,"1953-08-10",1,41.85,"P.C.",1
7340,"ROBICHAUD, Hedard J.",1,"1965-11-08",5,60.61,"Lib",1
7341,"MONTGOMERY, Gage W.",1,"1958-03-31",3,59.98,"P.C.",1
7349,"DESLIERES, Joseph Leon",1,"1957-06-10",2,51.82,"Lib",1
7355,"BOURQUE, Romuald",1,"1962-06-18",4,47.08,"Lib",1
7360,"CARDIN, Louis Joseph Lucien",1,"1965-11-08",6,60.4,"Lib",1
7417,"BARNETT, Tom",1,"1972-10-30",1,49.68,"N.D.P.",1
7425,"PATTERSON, Alex",1,"1980-02-18",3,49.71,"P.C.",1
7438,"CAMERON, Colin",1,"1968-06-25",3,41.71,"N.D.P.",1
7457,"WINCH, Harold Edward",1,"1968-06-25",6,50.02,"N.D.P.",1
7522,"MICHAUD, Herve J.",1,"1958-03-31",2,55.09,"Lib",1
7536,"PICKERSGILL, John W.",1,"1965-11-08",5,73.28,"Lib",1
7546,"HARDIE, M.A.",1,"1958-03-31",2,57.22,"Lib",1
7560,"MORRIS, Edmund",1,"1962-06-18",2,23.12,"P.C.",1
7562,"MACEACHEN, Allan J.",1,"1980-02-18",7,50.4,"Lib",1
7581,"HABEL, Joseph Anaclet",1,"1965-11-08",5,40.86,"Lib",1
7621,"GRILLS, Lee",1,"1968-06-25",1,49.07,"P.C.",1
7633,"STANTON, Hayden",1,"1958-03-31",2,58.09,"P.C.",1
7644,"HOUCK, William L.",1,"1958-03-31",2,45.77,"Lib",1
7664,"NESBITT, Wally",1,"1972-10-30",7,62.53,"P.C.",1
7672,"MONTEITH, J. Waldo",1,"1968-06-25",6,48.52,"P.C.",1
7678,"FORGIE, James Moffat",1,"1963-04-08",4,49.64,"Lib",1
7684,"RYNARD, P.B.",1,"1974-07-08",7,40.22,"P.C.",1
7694,"MITCHELL, Rodger",1,"1965-11-08",5,44.65,"Lib",1
7711,"HALES, Alfred Dryden",1,"1972-10-30",6,53.1,"P.C.",1
7713,"HOWE, Marvin",1,"1968-06-25",6,44.44,"P.C.",1
7758,"ROULEAU, Guy",1,"1963-04-08",4,57.88,"Lib",1
7771,"CARON, Alexis",1,"1965-11-08",5,54.68,"Lib",1
7802,"DESCHATELETS, Jean Paul",1,"1963-04-08",4,48.89,"Lib",1
7807,"THIBAULT, Leandre",1,"1957-06-10",1,51.67,"Lib",1
7931,"LEDUC, Rodolphe",1,"1963-04-08",4,46.64,"Lib",1
7954,"VAN HORNE, Joseph Charles",1,"1958-03-31",2,56.15,"P.C.",1
7957,"LAFLAMME, Ovide",1,"1972-10-30",2,46.33,"Lib",1
7964,"REA, Charles E.",1,"1958-03-31",2,50.16,"P.C.",1
7968,"MENARD, J. Armand",1,"1957-06-10",1,52.32,"Lib",1
7980,"SMALLWOOD, Clifford S.",1,"1965-11-08",3,57.87,"P.C.",1
7982,"WOOLLIAMS, Eldon",1,"1979-05-22",7,64.26,"P.C.",1
7987,"SMITH, Art",1,"1962-06-18",2,46.43,"P.C.",1
7990,"LAMBERT, Marcel",1,"1980-02-18",9,56.23,"P.C.",1
8000,"KINDT, Lawrence E.",1,"1965-11-08",3,44.32,"P.C.",1
8007,"BALDWIN, Ged",1,"1979-05-22",7,63.14,"P.C.",1
8017,"FANE, Frank J.W.",1,"1965-11-08",3,69.77,"P.C.",1
8060,"FLEMING, Stuart A.",1,"1963-04-08",2,35.17,"P.C.",1
8083,"MCPHILLIPS, Albert De Burgo",1,"1962-06-18",2,36.06,"P.C.",1
8088,"SIMPSON, Robert",1,"1968-06-25",5,41.77,"P.C.",1
8093,"MUIR, George",1,"1968-06-25",5,51.68,"P.C.",1
8096,"MANDZIUK, Nick",1,"1965-11-08",4,52.07,"P.C.",1
8099,"FAIRFIELD, George C.",1,"1958-03-31",1,65.58,"P.C.",1
8139,"MACRAE, J. Chester",1,"1968-06-25",5,55.39,"P.C.",1
8148,"MUIR, Bob",1,"1974-07-08",7,44.2,"P.C.",1
8150,"MACINNIS, Donald",1,"1972-10-30",3,38.69,"P.C.",1
8151,"KENNEDY, Cyril F.",1,"1965-11-08",4,51.54,"P.C.",1
8152,"COATES, Robert C.",1,"1984-09-04",10,57.3,"P.C.",1
8154,"MCCLEAVE, Bob",1,"1974-07-08",3,51.08,"P.C.",1
8156,"MACEWAN, Russell",1,"1968-06-25",5,58.57,"P.C.",1
8159,"CROUSE, Lloyd R.",1,"1984-09-04",10,56.69,"P.C.",1
8206,"NOBLE, Percy V.",1,"1968-06-25",5,47,"P.C.",1
8209,"WINKLER, Eric A.",1,"1965-11-08",4,57.99,"P.C.",1
8237,"HALPENNY, G. Ernest",1,"1962-06-18",2,51.42,"P.C.",1
8241,"THOMAS, W.H.A.",1,"1965-11-08",4,45.99,"P.C.",1
8249,"THOMPSON, Ben",1,"1958-03-31",1,64.04,"P.C.",1
8262,"AIKEN, Gordon",1,"1968-06-25",5,47.73,"P.C.",1
8270,"FISHER, Douglas M.",1,"1963-04-08",3,45.35,"N.D.P.",1
8272,"MILLIGAN, Clarence Adam",1,"1958-03-31",1,70.75,"P.C.",1
8284,"SMITH, Heber",1,"1965-11-08",4,45.54,"P.C.",1
8299,"HAIDASZ, Stan",1,"1974-07-08",5,52.29,"Lib",1
8310,"ANDERSON, William",1,"1958-03-31",1,60.48,"P.C.",1
8337,"PHILLIPS, Orville H.",1,"1962-06-18",2,49.33,"P.C.",1
8339,"MACQUARRIE, Heath",1,"1974-07-08",7,50.36,"P.C.",1
8349,"PAUL, Remi",1,"1963-04-08",2,41.57,"P.C.",1
8404,"COMTOIS, Paul",1,"1958-03-31",1,62.2,"P.C.",1
8432,"RICARD, J. H. Theogene",1,"1968-06-25",5,47.44,"P.C.",1
8444,"LOISELLE, Gerard",1,"1974-07-08",7,52.02,"Lib",1
8455,"CAOUETTE, Real",1,"1974-07-08",5,63.91,"Ind.",1
8474,"SOUTHAM, Richard R.",1,"1968-06-25",4,42.14,"P.C.",1
8489,"JONES, Henry Frank",1,"1963-04-08",3,53.27,"P.C.",1
8496,"HORNER, Albert",1,"1965-11-08",3,49.31,"P.C.",1
8499,"CLANCY, Gordon Drummond",1,"1965-11-08",3,47.52,"P.C.",1
8501,"NIELSEN, Erik",1,"1984-09-04",10,56.8,"P.C.",1
8502,"DOUCETT, George H.",1,"1963-04-08",3,56.83,"P.C.",1
8503,"SMITH, Sidney Earle",1,"1958-03-31",1,69.38,"P.C.",1
8508,"BIGG, Jack",1,"1968-06-25",4,58.82,"P.C.",1
8518,"SKOREYKO, William M.",1,"1974-07-08",6,51.86,"P.C.",1
8526,"HORNER, Hugh M.",1,"1965-11-08",3,58.8,"P.C.",1
8529,"GUNDLOCK, Deane Roscoe",1,"1968-06-25",4,44.95,"P.C.",1
8586,"FORBES, R. Elmer",1,"1965-11-08",3,39.94,"P.C.",1
8634,"LEGERE, Felton Fenwick",1,"1962-06-18",1,49.54,"P.C.",1
8657,"BADANAI, Hubert",1,"1968-06-25",4,42.01,"Lib",1
8716,"WEICHEL, O.W. Mike",1,"1963-04-08",2,43.38,"P.C.",1
8748,"ASSELIN, Martial",1,"1968-06-25",1,41.85,"P.C.",1
8765,"PIGEON, Louis Joseph",1,"1963-04-08",2,42.56,"P.C.",1
8793,"LAMONTAGNE, Maurice",1,"1965-11-08",1,59.41,"Lib",1
8808,"LESSARD, H. Pit",1,"1968-06-25",4,68.7,"Lib",1
8815,"RINFRET, Maurice",1,"1965-11-08",2,44.11,"Lib",1
8831,"RAPP, Reynold",1,"1965-11-08",3,54.76,"P.C.",1
8833,"HANBIDGE, Robert L.",1,"1962-06-18",1,41.49,"P.C.",1
8834,"KORCHINSKI, Stan",1,"1980-02-18",8,41.61,"P.C.",1
8841,"COOPER, C.O.",1,"1963-04-08",2,55.41,"P.C.",1
8846,"MCINTOSH, Jack",1,"1968-06-25",4,39.6,"P.C.",1
8858,"WEBB, Rod",1,"1965-11-08",3,64,"P.C.",1
8859,"TARDIF, Paul",1,"1965-11-08",3,55.87,"Lib",1
8861,"FLEMMING, Hugh John",1,"1968-06-25",4,62.76,"P.C.",1
8864,"LAMARSH, Judy",1,"1965-11-08",3,60.11,"Lib",1
8870,"CLERMONT, Gaston",1,"1974-07-08",3,60.15,"Lib",1
8877,"DUBE, Jean Eudes",1,"1974-07-08",5,55.52,"Lib",1
8926,"MOORE, Harry A.",1,"1968-06-25",3,64.78,"P.C.",1
8954,"MATHER, Barry",1,"1972-10-30",4,47.4,"N.D.P.",1
8961,"NICHOLSON, Jack R.",1,"1965-11-08",2,40.08,"Lib",1
8966,"WEBSTER, Arnold Alexander",1,"1963-04-08",1,47.24,"N.D.P.",1
8972,"LAING, Arthur",1,"1968-06-25",3,49.26,"Lib",1
8976,"BASFORD, Ron",1,"1974-07-08",4,41.74,"Lib",1
9004,"TEILLET, Roger",1,"1965-11-08",2,41.82,"Lib",1
9019,"MCLEAN, Allan",1,"1965-11-08",2,50.83,"Lib",1
9022,"CROSSMAN, Guy",1,"1968-06-25",3,53.32,"Lib",1
9031,"FAIRWEATHER, Gordon",1,"1974-07-08",5,43.35,"P.C.",1
9038,"RIDEOUT, Sherwood H.",1,"1963-04-08",1,48.13,"Lib",1
9090,"BROWN, James E.",1,"1968-06-25",3,39.81,"Lib",1
9093,"PENNELL, Larry T.",1,"1965-11-08",2,50.88,"Lib",1
9107,"SCOTT, Reid",1,"1965-11-08",2,48.95,"N.D.P.",1
9110,"GORDON, Walter L.",1,"1965-11-08",2,58.38,"Lib",1
9117,"SHARP, Mitchell",1,"1974-07-08",4,48.82,"Lib",1
9126,"WHELAN, Eugene F.",1,"1980-02-18",7,51.29,"Lib",1
9129,"GRAY, Herb",1,"2000-11-27",12,54.21,"Lib",1
9135,"ETHIER, Viateur",1,"1968-06-25",3,62.01,"Lib",1
9147,"HARLEY, Harry C.",1,"1965-11-08",2,47.8,"Lib",1
9150,"MUNRO, John Carr",1,"1980-02-18",7,41.81,"Lib",1
9168,"BENSON, Edgar John",1,"1968-06-25",3,49.69,"Lib",1
9170,"FOY, Walter Frank",1,"1965-11-08",2,39.54,"Lib",1
9222,"BEER, Bruce S.",1,"1968-06-25",3,47.3,"Lib",1
9232,"ALKENBRACK, Douglas",1,"1974-07-08",5,48.26,"P.C.",1
9241,"MACDONALD, Donald S.",1,"1974-07-08",5,49.13,"Lib",1
9259,"LAMOUREUX, Lucien",1,"1972-10-30",4,52.64,"Ind.",1
9279,"CHAPLIN, Gordon",1,"1963-04-08",1,40.93,"P.C.",1
9291,"MORISON, John",1,"1968-06-25",2,41.34,"Lib",1
9293,"WALKER, James E.",1,"1972-10-30",4,41.93,"Lib",1
9298,"ADDISON, John",1,"1965-11-08",2,40.37,"Lib",1
9303,"KELLY, Red",1,"1963-04-08",1,51.43,"Lib",1
9324,"LANIEL, Gerald",1,"1980-02-18",7,73.14,"Lib",1
9329,"BECHARD, Albert",1,"1974-07-08",5,61.29,"Lib",1
9335,"PILON, Bernard",1,"1968-06-25",3,66.32,"Lib",1
9339,"LAPRISE, Gerard",1,"1974-07-08",5,56.52,"Ind.",1
9342,"BELANGER, L.P. Antoine",1,"1963-04-08",1,36.91,"Ind.",1
9344,"COTE, Maurice",1,"1963-04-08",1,46.63,"Ind.",1
9377,"LESSARD, Marcel",1,"1979-05-22",3,52.59,"Lib",1
9380,"LACHANCE, Georges. C.",1,"1972-10-30",4,47.73,"Lib",1
9384,"GREGOIRE, Gilles",1,"1965-11-08",2,49.61,"Ind.",1
9389,"ROCHON, Jean L.",1,"1968-06-25",3,64.92,"Lib",1
9409,"LANGLOIS, Raymond",1,"1965-11-08",2,44.86,"Ind.",1
9411,"BOULANGER, Prosper",1,"1974-07-08",5,55.75,"Lib",1
9420,"VINCENT, Clement",1,"1965-11-08",2,63.76,"P.C.",1
9423,"ASSELIN, Edmund Tobin",1,"1963-04-08",1,64.5,"Lib",1
9434,"FRENETTE, Jean Louis",1,"1963-04-08",1,56.45,"Ind.",1
9439,"CANTIN, Jean Charles",1,"1968-06-25",3,64.31,"Lib",1
9456,"GENDRON, Rosaire",1,"1980-02-18",6,54.84,"Lib",1
9461,"DRURY, C.M.",1,"1974-07-08",5,57.61,"Lib",1
9493,"TURNER, John N.",1,"1974-07-08",5,53.37,"Lib",1
9498,"CADIEUX, Leo",1,"1968-06-25",3,52.9,"Lib",1
9537,"DOUGLAS, Tommy C.",1,"1965-11-08",2,52.93,"N.D.P.",1
9711,"GILBERT, John",1,"1974-07-08",3,39.91,"N.D.P.",1
9749,"MACALUSO, Joseph",1,"1965-11-08",1,43.25,"Lib",1
9765,"MCCUTCHEON, M.T. Mac",1,"1968-06-25",2,51.84,"P.C.",1
9777,"LIND, Jim",1,"1968-06-25",1,45.66,"Lib",1
9806,"GREENE, Joe",1,"1968-06-25",2,50.73,"Lib",1
9869,"LAVERDIERE, Herman",1,"1965-11-08",1,41.06,"Lib",1
9875,"KLEIN, Milton L.",1,"1965-11-08",1,50.64,"Lib",1
9928,"GUAY, Raynald",1,"1980-02-18",6,66.69,"Lib",1
9929,"COTE, Jean Pierre",1,"1968-06-25",2,60.69,"Lib",1
9934,"TREMBLAY, Rene",1,"1965-11-08",1,51.77,"Lib",1
9949,"FAVREAU, Guy",1,"1965-11-08",1,53.1,"Lib",1
9983,"BLOUIN, Gustave",1,"1974-07-08",4,67.16,"Lib",1
9998,"CHRETIEN, Jean",1,"1984-09-04",7,58.88,"Lib",1
10015,"EMARD, Rene",1,"1968-06-25",2,73.86,"Lib",1
10055,"LEBLANC, Fernand E.",1,"1974-07-08",4,58.8,"Lib",1
10058,"PRUD'HOMME, Marcel",1,"1988-11-21",8,47.22,"Lib",1
10062,"LEGAULT, Carl",1,"1968-06-25",2,53.66,"Lib",1
10067,"RIDEOUT, Margaret",1,"1965-11-08",1,49.68,"Lib",1
10070,"SALTSMAN, Max",1,"1974-07-08",4,41.58,"N.D.P.",1
10134,"ROSE, Mark",1,"1980-02-18",1,47.19,"N.D.P.",1
10165,"MACINNIS, Grace",1,"1972-10-30",2,56.81,"N.D.P.",1
10199,"SCHREYER, Ed",1,"1968-06-25",1,44.59,"N.D.P.",1
10244,"ORANGE, Bud",1,"1968-06-25",1,63.8,"Lib",1
10273,"BLACKBURN, Derek",1,"1988-11-21",6,41.46,"N.D.P.",1
10313,"ALEXANDER, Lincoln M.",1,"1980-02-18",4,38.56,"P.C.",1
10320,"MCKINLEY, Robert E.",1,"1979-05-22",4,59.22,"P.C.",1
10331,"CODE, Desmond M.",1,"1968-06-25",1,46.56,"P.C.",1
10353,"HEES, George",1,"1984-09-04",6,62.29,"P.C.",1
10372,"ANDRAS, Bob",1,"1979-05-22",4,44.87,"Lib",1
10375,"HOPKINS, Len",1,"1993-10-25",8,50.55,"Lib",1
10399,"SCOTT, Bill",1,"1988-11-21",7,46.82,"P.C.",1
10401,"HYMMEN, Keith R.",1,"1972-10-30",2,38.45,"Lib",1
10405,"TOLMIE, Donald R.",1,"1968-06-25",1,49.77,"Lib",1
10426,"STANBURY, Robert",1,"1974-07-08",3,48.28,"Lib",1
10428,"MCQUAID, Melvin J.",1,"1968-06-25",1,49.53,"P.C.",1
10432,"MACGUIGAN, Mark",1,"1980-02-18",4,52.02,"Lib",1
10475,"LANGLOIS, Paul",1,"1974-07-08",3,50.86,"Lib",1
10481,"GOYER, Jean Pierre",1,"1974-07-08",3,67.49,"Lib",1
10487,"FORTIN, Andre",1,"1974-07-08",2,60.13,"Ind.",1
10493,"ISABELLE, Gaston",1,"1984-09-04",6,40.58,"Lib",1
10496,"PELLETIER, Gerard",1,"1974-07-08",3,49.86,"Lib",1
10532,"THOMAS, J. Antonio",1,"1972-10-30",2,45.18,"Lib",1
10545,"TRUDEAU, Pierre Elliott",1,"1980-02-18",5,81.23,"Lib",1
10551,"ALLMAND, Warren",1,"1993-10-25",8,70.72,"Lib",1
10562,"LEFEBVRE, Tom",1,"1980-02-18",5,70.39,"Lib",1
10577,"MARCHAND, Jean",1,"1974-07-08",3,63.59,"Lib",1
10583,"BEAUDOIN, Leonel",1,"1974-07-08",2,43.22,"Ind.",1
10638,"MONGRAIN, J. Alfred",1,"1968-06-25",1,46.23,"Lib",1
10693,"JAMIESON, Don",1,"1979-05-22",4,70.34,"Lib",1
10696,"COTE, Florian",1,"1974-07-08",3,58.98,"Lib",1
10700,"JEROME, Jim",1,"1979-05-22",3,49.53,"Lib",1
10709,"NOEL, Aurelien",1,"1968-06-25",1,78.66,"Lib",1
10713,"OUELLET, Andre",1,"1993-10-25",8,51.98,"Lib",1
10723,"STANFIELD, Robert L.",1,"1974-07-08",3,49.26,"P.C.",1
10725,"YEWCHUK, Paul",1,"1979-05-22",3,58.67,"P.C.",1
10740,"PAPROSKI, Steve",1,"1988-11-21",6,40.03,"P.C.",1
10769,"MAZANKOWSKI, Don",1,"1988-11-21",6,65.33,"P.C.",1
10813,"STEWART, Doug",1,"1972-10-30",1,32.73,"Lib",1
10831,"FRASER, John A.",1,"1988-11-21",5,42.23,"P.C.",1
10842,"RITCHIE, Gordon",1,"1979-05-22",3,43.22,"P.C.",1
10848,"STEWART, Craig",1,"1974-07-08",2,66.91,"P.C.",1
10858,"GUAY, Joseph P.",1,"1974-07-08",2,42.55,"Lib",1
10866,"RICHARDSON, James",1,"1974-07-08",2,45.92,"Lib",1
10879,"CORBIN, Eymard G.",1,"1980-02-18",4,65.83,"Lib",1
10885,"SMITH, G.A. Percy",1,"1972-10-30",1,47.25,"Lib",1
10903,"MARSHALL, Jack",1,"1974-07-08",2,59.29,"P.C.",1
10905,"MCGRATH, James A.",1,"1984-09-04",5,78.3,"P.C.",1
10907,"CARTER, Walter C.",1,"1974-07-08",2,53.94,"P.C.",1
10932,"FOSTER, Maurice",1,"1988-11-21",6,53.24,"Lib",1
10938,"WHICHER, Ross",1,"1972-10-30",1,45.32,"Lib",1
10940,"STEWART, Ralph",1,"1974-07-08",2,54.25,"Lib",1
10943,"CACCIA, Charles",1,"2000-11-27",9,66.72,"Lib",1
10946,"KAPLAN, Bob",1,"1988-11-21",4,60.52,"Lib",1
11008,"TURNER, Charlie",1,"1980-02-18",4,48.05,"Lib",1
11012,"BUCHANAN, Judd",1,"1980-02-18",4,44.18,"Lib",1
11022,"KNOWLES, Bill",1,"1974-07-08",2,48.42,"P.C.",1
11029,"BROADBENT, Ed",1,"1988-11-21",6,44.33,"N.D.P.",1
11077,"PENNER, Keith",1,"1984-09-04",5,41.72,"Lib",1
11083,"ROY, Jean Robert",1,"1974-07-08",2,51.12,"Lib",1
11145,"TRUDEL, Jacques L.",1,"1974-07-08",2,59.99,"Lib",1
11170,"PORTELANCE, Arthur",1,"1980-02-18",4,72.39,"Lib",1
11183,"LA SALLE, Roch",1,"1984-09-04",6,73.91,"P.C.",1
11239,"DE BANE, Pierre",1,"1980-02-18",4,77.84,"Lib",1
11296,"SMITH, Walter",1,"1974-07-08",2,53.2,"Lib",1
11327,"TETRAULT, Oza",1,"1972-10-30",1,47.72,"Ind.",1
11345,"BENJAMIN, Les",1,"1988-11-21",6,57.57,"N.D.P.",1
11355,"DOUGLAS, T.C. Tommy",1,"1974-07-08",2,40.92,"N.D.P.",1
11363,"MURTA, Jack",1,"1984-09-04",5,49.47,"P.C.",1
11369,"DUPRAS, Maurice",1,"1980-02-18",4,66.55,"Lib",1
11372,"MACKAY, Elmer M.",1,"1988-11-21",6,48.58,"P.C.",1
11378,"L'HEUREUX, Yvon",1,"1972-10-30",1,53.22,"Lib",1
11383,"LAJOIE, Claude G.",1,"1980-02-18",4,68.48,"Lib",1
11395,"ANDRE, Harvie",1,"1988-11-21",5,53.72,"P.C.",1
11404,"BAWDEN, Peter",1,"1974-07-08",1,68.16,"P.C.",1
11423,"ROCHE, Doug",1,"1980-02-18",3,61.07,"P.C.",1
11428,"HURLBURT, Ken",1,"1974-07-08",1,63.52,"P.C.",1
11432,"HARGRAVE, Bert",1,"1980-02-18",3,70.32,"P.C.",1
11448,"TOWERS, Gordon",1,"1984-09-04",4,75.43,"P.C.",1
11452,"CLARK, Joe",1,"1988-11-21",5,44.51,"P.C.",1
11459,"SCHELLENBERGER, Stan",1,"1984-09-04",4,70.93,"P.C.",1
11463,"REYNOLDS, John",1,"1974-07-08",1,54.81,"P.C.",1
11471,"HUNTINGTON, Ron",1,"1980-02-18",2,59.36,"P.C.",1
11479,"MUNRO, Don",1,"1980-02-18",3,45.02,"P.C.",1
11496,"LEGGATT, Stuart",1,"1974-07-08",1,32.85,"N.D.P.",1
11502,"WHITTAKER, George",1,"1979-05-22",2,51.47,"P.C.",1
11506,"OBERLE, Frank",1,"1988-11-21",5,39.6,"P.C.",1
11538,"MCKINNON, Allan",1,"1984-09-04",4,46.34,"P.C.",1
11558,"EPP, Jake",1,"1988-11-21",5,55.53,"P.C.",1
11577,"MCKENZIE, Dan",1,"1984-09-04",4,52.36,"P.C.",1
11579,"MCCAIN, Fred",1,"1984-09-04",4,61.79,"P.C.",1
11604,"LEBLANC, Romeo",1,"1980-02-18",3,67.12,"Lib",1
11608,"HOWIE, J. Robert",1,"1984-09-04",4,58.85,"P.C.",1
11617,"BAKER, George",1,"2000-11-27",7,55.02,"Lib",1
11619,"ROMPKEY, Bill",1,"1993-10-25",6,77.14,"Lib",1
11627,"FIRTH, Wally",1,"1974-07-08",1,42.09,"N.D.P.",1
11675,"GILLIES, Jim",1,"1974-07-08",1,52.07,"P.C.",1
11679,"WISE, John",1,"1984-09-04",4,67.07,"P.C.",1
11685,"MCRAE, Paul",1,"1980-02-18",3,39.23,"Lib",1
11689,"ETHIER, Denis",1,"1980-02-18",3,68.46,"Lib",1
11698,"BAKER, Walter",1,"1980-02-18",3,53.55,"P.C.",1
11700,"MITGES, Gus",1,"1988-11-21",5,40.88,"P.C.",1
11706,"KEMPLING, Bill",1,"1988-11-21",5,52.07,"P.C.",1
11720,"O'SULLIVAN, Sean",1,"1974-07-08",1,39.51,"P.C.",1
11723,"ELLIS, Jack",1,"1984-09-04",4,54.33,"P.C.",1
11726,"JELINEK, Otto",1,"1988-11-21",5,54,"P.C.",1
11747,"COSSITT, Tom",1,"1980-02-18",3,51.22,"P.C.",1
11771,"LAWRENCE, Allan",1,"1984-09-04",4,59.34,"P.C.",1
11775,"POULIN, Hugh",1,"1974-07-08",1,43.33,"Lib",1
11780,"GAUTHIER, Jean Robert",1,"1993-10-25",6,70.47,"Lib",1
11795,"DARLING, Stan",1,"1988-11-21",5,43.25,"P.C.",1
11806,"JARVIS, Bill",1,"1980-02-18",3,47.5,"P.C.",1
11832,"STOLLERY, Peter",1,"1980-02-18",3,46.79,"Lib",1
11862,"NICHOLSON, Aideen",1,"1984-09-04",3,43.59,"Lib",1
11870,"RAILTON, Victor",1,"1974-07-08",1,56.52,"Lib",1
11898,"FLEMING, Jim",1,"1980-02-18",3,56.76,"Lib",1
11905,"STEVENS, Sinclair",1,"1984-09-04",4,62.18,"P.C.",1
11907,"MACDONALD, Daniel J.",1,"1974-07-08",1,53.99,"Lib",1
11918,"SAUVE, Jeanne",1,"1980-02-18",3,74.96,"Lib",1
11995,"BLAKER, Rod",1,"1980-02-18",3,59.74,"Lib",1
12036,"MORIN, Albanie",1,"1974-07-08",1,68.03,"Lib",1
12066,"LALONDE, Marc",1,"1980-02-18",3,71.49,"Lib",1
12108,"WAGNER, Claude",1,"1974-07-08",1,50.95,"P.C.",1
12129,"BEGIN, Monique",1,"1980-02-18",3,81.12,"Lib",1
12176,"NEIL, Doug",1,"1980-02-18",3,46.42,"P.C.",1
12186,"BALFOUR, Jim",1,"1974-07-08",1,36.88,"P.C.",1
12199,"HAMILTON, Frank",1,"1980-02-18",3,47.97,"P.C.",1
12211,"MALONE, Arnold",1,"1988-11-21",4,53.68,"P.C.",1
12249,"ELZINGA, Peter",1,"1984-09-04",3,70.57,"P.C.",1
12275,"GREENAWAY, Lorne",1,"1984-09-04",2,54.51,"P.C.",1
12285,"WENMAN, Robert L.",1,"1988-11-21",4,45.84,"P.C.",1
12311,"FRIESEN, Benno W.",1,"1988-11-21",4,43.48,"P.C.",1
12422,"MACLELLAN, Russell",1,"1993-10-25",4,75.79,"Lib",1
12473,"THOMSON, John",1,"1980-02-18",1,68.12,"P.C.",1
12516,"DAUDLIN, Robert",1,"1980-02-18",2,52.95,"Lib",1
12567,"HALLIDAY, Bruce",1,"1988-11-21",4,39.75,"P.C.",1
12613,"PARENT, Gib",1,"1997-06-02",2,49.7,"Lib",1
12667,"APPOLLONI, Ursula",1,"1980-02-18",2,47.21,"Lib",1
12730,"PINARD, Yvon",1,"1980-02-18",2,72.76,"Lib",1
12765,"LACHANCE, Claude Andre",1,"1980-02-18",2,75.86,"Lib",1
12954,"CROSBIE, John C.",1,"1988-11-21",4,61.54,"P.C.",1
12964,"LAMONTAGNE, J. Gilles",1,"1980-02-18",2,71.49,"Lib",1
12996,"CROSBY, Howard E.",1,"1988-11-21",4,44.75,"P.C.",1
13000,"RAE, Bob",1,"1980-02-18",2,40.37,"N.D.P.",1
13007,"SCOTT, Geoff",1,"1988-11-21",4,41.88,"P.C.",1
13010,"DE COTRET, Robert",1,"1988-11-21",1,56.21,"P.C.",1
13017,"CROMBIE, David",1,"1984-09-04",3,52.8,"P.C.",1
13034,"JOHNSTON, Donald J.",1,"1984-09-04",3,45.29,"Lib",1
13041,"TAYLOR, Gordon E.",1,"1984-09-04",2,76.2,"P.C.",1
13047,"KUSHNER, John",1,"1980-02-18",1,52.84,"P.C.",1
13078,"KILGOUR, David",1,"2004-06-28",7,42.82,"Lib",1
13083,"THACKER, Blaine",1,"1988-11-21",3,58.41,"P.C.",1
13104,"ROBINSON, Svend",1,"2000-11-27",6,37.39,"N.D.P.",1
13114,"MANLY, Jim",1,"1984-09-04",1,45.06,"N.D.P.",1
13140,"JEWETT, Pauline",1,"1984-09-04",2,46.18,"N.D.P.",1
13143,"COOK, Chuck",1,"1988-11-21",3,37.64,"P.C.",1
13154,"MCCUISH, Lorne",1,"1984-09-04",2,49.29,"P.C.",1
13162,"FULTON, Jim",1,"1988-11-21",3,52.7,"N.D.P.",1
13173,"MITCHELL, Margaret Anne",1,"1988-11-21",3,51.2,"N.D.P.",1
13216,"BLAIKIE, Bill",1,"2006-01-23",8,50.85,"N.D.P.",1
13219,"AXWORTHY, Lloyd",1,"1997-06-02",5,55.89,"Lib",1
13303,"MCDERMID, John",1,"1988-11-21",3,51.62,"P.C.",1
13315,"GURBIN, Gary M.",1,"1984-09-04",2,64.73,"P.C.",1
13322,"SPEYER, Chris",1,"1984-09-04",2,60.22,"P.C.",1
13345,"DE CORNEILLE, Roland",1,"1984-09-04",2,42.98,"Lib",1
13350,"FRETZ, Girve",1,"1988-11-21",3,38.51,"P.C.",1
13357,"WILSON, Michael",1,"1988-11-21",3,48.42,"P.C.",1
13362,"MACLAREN, Roy",1,"1993-10-25",1,61.24,"Lib",1
13459,"FENNELL, Scott",1,"1984-09-04",2,56.1,"P.C.",1
13475,"PEPIN, Jean Luc",1,"1980-02-18",1,53.48,"Lib",1
13483,"FLIS, Jesse",1,"1993-10-25",1,54.36,"Lib",1
13519,"GILCHRIST, Gordon",1,"1980-02-18",1,40.52,"P.C.",1
13529,"STEWART, Ronald A.",1,"1984-09-04",2,58.05,"P.C.",1
13538,"REID, Joe",1,"1984-09-04",2,49.73,"P.C.",1
13564,"CHENIER, J. Ray",1,"1980-02-18",1,51.93,"Lib",1
13575,"MCLEAN, Walter",1,"1988-11-21",3,45.11,"P.C.",1
13587,"PETERSON, Jim",1,"2006-01-23",5,55.23,"Lib",1
13633,"GASS, Mel",1,"1984-09-04",2,56.35,"P.C.",1
13814,"BERGER, David",1,"1993-10-25",4,61.72,"Lib",1
13856,"HERVIEUX PAYETTE, Celine",1,"1980-02-18",1,70.55,"Lib",1
13942,"MALEPART, Jean Claude",1,"1988-11-21",3,39.07,"Lib",1
13983,"KILLENS, Therese",1,"1984-09-04",2,42.48,"Lib",1
13990,"LAPIERRE, Jean",1,"1988-11-21",3,48.24,"Lib",1
14039,"GUSTAFSON, Len",1,"1988-11-21",3,46.81,"P.C.",1
14040,"ALTHOUSE, Vic",1,"1993-10-25",3,31.14,"N.D.P.",1
14043,"MCKNIGHT, Bill",1,"1988-11-21",3,44.98,"P.C.",1
14049,"HOVDEBO, Stan",1,"1988-11-21",3,43.24,"N.D.P.",1
14053,"DEJONG, Simon",1,"1993-10-25",4,34.43,"N.D.P.",1
14061,"OGLE, Bob",1,"1980-02-18",1,34.51,"N.D.P.",1
14129,"COOPER, Albert",1,"1988-11-21",2,54.29,"P.C.",1
14170,"DANTZER, Vincent M.",1,"1984-09-04",1,56.07,"P.C.",1
14183,"CARNEY, Pat",1,"1984-09-04",1,43.23,"P.C.",1
14268,"TOBIN, Brian",1,"1993-10-25",3,82.21,"Lib",1
14346,"DEANS, Ian",1,"1984-09-04",1,49.18,"N.D.P.",1
14441,"FRITH, Doug",1,"1984-09-04",1,41.3,"Lib",1
14484,"HENDERSON, George",1,"1984-09-04",1,49.78,"Lib",1
14587,"MASSE, Marcel",1,"1988-11-21",1,73.61,"P.C.",1
14715,"DANIS, Marcel",1,"1988-11-21",1,66.05,"P.C.",1
14807,"HEAP, Dan",1,"1988-11-21",2,38.55,"N.D.P.",1
14830,"MACDOUGALL, John A.",1,"1988-11-21",2,36.57,"P.C.",1
14833,"CLARK, Lee",1,"1988-11-21",2,46.78,"P.C.",1
14839,"MULRONEY, Brian",1,"1988-11-21",2,80.04,"P.C.",1
14911,"PORTER, Bob",1,"1988-11-21",1,58.92,"P.C.",1
15050,"TURNER, John N.",1,"1988-11-21",1,43.95,"Lib",1
15077,"WHITE, Brian",1,"1988-11-21",1,41.37,"P.C.",1
15140,"MERRITHEW, G.S. Gerry",1,"1988-11-21",1,43.07,"P.C.",1
15144,"ROBICHAUD, Fernand",1,"1993-10-25",2,76.15,"Lib",1
15251,"BOUDRIA, Don",1,"2004-06-28",5,47.86,"Lib",1
15256,"WINEGARD, Bill",1,"1988-11-21",1,43.21,"P.C.",1
15266,"COPPS, Sheila",1,"2000-11-27",5,52.85,"Lib",1
15301,"MARTIN, Shirley",1,"1988-11-21",1,38.6,"P.C.",1
15311,"CLIFFORD, Terry",1,"1988-11-21",1,38.33,"P.C.",1
15377,"GRAHAM, Bill",1,"2006-01-23",4,52.23,"Lib",1
15392,"HICKS, Bob",1,"1988-11-21",1,43.29,"P.C.",1
15417,"MCDOUGALL, Barbara",1,"1988-11-21",1,47.53,"P.C.",1
15481,"MARCHI, Sergio",1,"1997-06-02",3,73.62,"Lib",1
15513,"BERNIER, Gilles",1,"1993-10-25",2,40.45,"Ind.",1
15516,"HUDON, Jean Guy",1,"1988-11-21",1,58.37,"P.C.",1
15534,"GRAY, Darryl",1,"1988-11-21",1,58.83,"P.C.",1
15544,"BERTRAND, Gabrielle",1,"1988-11-21",1,53.97,"P.C.",1
15548,"GRISE, Richard",1,"1988-11-21",1,47.04,"P.C.",1
15641,"LAYTON, Bob",1,"1988-11-21",1,45.36,"P.C.",1
15677,"FONTAINE, Gabriel",1,"1988-11-21",1,57.44,"P.C.",1
15680,"LEBLANC, Nic",1,"1993-10-25",2,65.97,"B.Q.",1
15685,"TREMBLAY, Maurice",1,"1988-11-21",1,52.71,"P.C.",1
15700,"GERIN, Francois",1,"1988-11-21",1,60.29,"P.C.",1
15711,"JACQUES, Carole",1,"1988-11-21",1,54.76,"P.C.",1
15719,"FINESTONE, Sheila",1,"1997-06-02",3,62.26,"Lib",1
15771,"VEZINA, Monique",1,"1988-11-21",1,62.64,"P.C.",1
15776,"BOUCHARD, Benoit",1,"1988-11-21",1,76.38,"P.C.",1
15814,"GAGLIANO, Alfonso",1,"2000-11-27",4,76.66,"Lib",1
15829,"CHAREST, Jean",1,"1997-06-02",3,59.53,"P.C.",1
15850,"CADIEUX, Pierre H.",1,"1988-11-21",1,55.67,"P.C.",1
15860,"CHARTRAND, Gilbert",1,"1988-11-21",1,45.32,"P.C.",1
15918,"VAN DE WALLE, Walter",1,"1988-11-21",1,46.72,"P.C.",1
15939,"MCLAUGHLIN, Audrey",1,"1993-10-25",2,43.34,"N.D.P.",1
15943,"BOUCHARD, Lucien",1,"1993-10-25",2,75.56,"B.Q.",1
16082,"MANNING, Preston",1,"2000-11-27",2,64.81,"CA",1
16111,"CUMMINS, John",1,"2008-10-14",5,55.75,"C",1
16176,"SCHMIDT, Werner",1,"2004-06-28",3,48,"C",1
16199,"HILL, Jay",1,"2008-10-14",5,63.59,"C",1
16301,"DUHAMEL, Ronald J.",1,"2000-11-27",3,52.17,"Lib",1
16331,"HARVARD, John",1,"2000-11-27",3,36.21,"Lib",1
16339,"THOMPSON, Greg",1,"2008-10-14",4,58.32,"C",1
16356,"RIDEOUT, George S.",1,"1993-10-25",1,66.3,"Lib",1
16368,"MIFFLIN, Fred J.",1,"1997-06-02",2,35.25,"Lib",1
16381,"ANAWAK, Jack Iyerak",1,"1993-10-25",1,69.79,"Lib",1
16400,"CASEY, Bill",1,"2008-10-14",4,69.01,"Ind.",1
16405,"MACDONALD, Ron",1,"1993-10-25",1,50.81,"Lib",1
16461,"BELLEMARE, Eugene",1,"2000-11-27",3,51.01,"Lib",1
16466,"BELAIR, Reginald",1,"2000-11-27",3,54.22,"Lib",1
16479,"ASSADOURIAN, Sarkis",1,"2000-11-27",2,50.64,"Lib",1
16505,"PICKARD, Jerry",1,"2004-06-28",4,39.63,"Lib",1
16546,"PHINNEY, Beth",1,"2004-06-28",4,34.81,"Lib",1
16564,"NAULT, Bob",1,"2000-11-27",3,45.21,"Lib",1
16568,"CRAWFORD, Rex",1,"1993-10-25",1,63.78,"Lib",1
16571,"MILLIKEN, Peter",1,"2008-10-14",6,39.15,"Lib",1
16583,"JORDAN, Jim",1,"1993-10-25",1,52.57,"Lib",1
16592,"FONTANA, Joe",1,"2006-01-23",5,40.12,"Lib",1
16602,"GUARNIERI, Albina",1,"2008-10-14",6,50.16,"Lib",1
16616,"GAFFNEY, Beryl",1,"1993-10-25",1,59.64,"Lib",1
16618,"PILLITTERI, Gary",1,"2000-11-27",2,45.92,"Lib",1
16625,"WOOD, Bob",1,"2000-11-27",3,57.04,"Lib",1
16629,"STEWART, Christine",1,"1997-06-02",2,45.77,"Lib",1
16645,"HARB, Mac",1,"2000-11-27",3,40,"Lib",1
16652,"MANLEY, John",1,"2000-11-27",3,51.33,"Lib",1
16657,"CATTERALL, Marlene",1,"2004-06-28",4,41.78,"Lib",1
16679,"VANCLIEF, Lyle",1,"2000-11-27",3,50.46,"Lib",1
16704,"WAPPEL, Tom",1,"2006-01-23",5,47.83,"Lib",1
16706,"KARYGIANNIS, Jim",1,"2011-05-02",7,45.39,"Lib",1
16709,"LEE, Derek",1,"2008-10-14",6,58.78,"Lib",1
16735,"DROMISKY, Stan",1,"2000-11-27",2,36.98,"Lib",1
16737,"COMUZZI, Joe",1,"2006-01-23",5,36.01,"Lib",1
16739,"SERRE, Ben",1,"2000-11-27",2,62.4,"Lib",1
16773,"BEVILACQUA, Maurizio",1,"2008-10-14",7,49.18,"Lib",1
16792,"MCGUIRE, Joe",1,"2006-01-23",5,53.17,"Lib",1
16795,"PROUD, George",1,"1997-06-02",2,40.87,"Lib",1
16848,"CAUCHON, Martin",1,"2000-11-27",2,47.68,"Lib",1
16868,"ASSAD, Mark",1,"2000-11-27",3,51.45,"Lib",1
16885,"CODERRE, Denis",1,"2011-05-02",5,40.91,"Lib",1
16911,"MARTIN, Paul",1,"2006-01-23",5,48.41,"Lib",1
17009,"TREMBLAY, Benoit",1,"1993-10-25",1,62.95,"B.Q.",1
17029,"VENNE, Pierrette",1,"2000-11-27",3,43.98,"B.Q.",1
17040,"MAHEU, Shirley",1,"1993-10-25",1,70.05,"Lib",1
17074,"LAVIGNE, Raymond",1,"2000-11-27",2,51.27,"Lib",1
17100,"AXWORTHY, Chris",1,"1997-06-02",2,43.72,"N.D.P.",1
17119,"GREY, Deborah",1,"2000-11-27",3,51.22,"CA",1
17123,"LINCOLN, Clifford",1,"2000-11-27",2,74.16,"Lib",1
17139,"CHRETIEN, Jean",1,"2000-11-27",3,54.07,"Lib",1
17149,"CHATTERS, Dave",1,"2004-06-28",3,66.8,"C",1
17165,"ABLONCZY, Diane",1,"2011-05-02",6,70.17,"C",1
17172,"HANGER, Art",1,"2006-01-23",4,64.86,"C",1
17231,"MCCLELLAND, Ian",1,"1997-06-02",1,51.34,"Ref.",1
17241,"EPP, Ken",1,"2006-01-23",4,63.97,"C",1
17253,"HILL, Grant",1,"2000-11-27",2,70.05,"CA",1
17258,"SOLBERG, Monte",1,"2006-01-23",4,79.71,"C",1
17264,"PENSON, Charlie",1,"2004-06-28",3,65.13,"C",1
17270,"MILLS, Bob",1,"2006-01-23",4,75.75,"C",1
17275,"WILLIAMS, John",1,"2006-01-23",4,59.69,"C",1
17283,"BENOIT, Leon",1,"2011-05-02",6,79.79,"C",1
17289,"JOHNSTON, Dale",1,"2004-06-28",3,73.66,"C",1
17295,"THOMPSON, Myron",1,"2006-01-23",4,72.17,"C",1
17303,"BREITKREUZ, Cliff",1,"1997-06-02",1,64.82,"Ref.",1
17327,"MAYFIELD, Philip",1,"2000-11-27",2,59.63,"CA",1
17334,"GILMOUR, Bill",1,"1997-06-02",1,49.86,"Ref.",1
17350,"MARTIN, Keith",1,"2008-10-14",5,34.18,"Lib",1
17356,"STRAHL, Chuck",1,"2008-10-14",5,62.32,"C",1
17364,"WHITE, Randy",1,"2004-06-28",3,61.37,"C",1
17379,"ABBOTT, Jim",1,"2008-10-14",5,59.59,"C",1
17386,"GOUK, Jim",1,"2004-06-28",3,36.6,"C",1
17442,"STINSON, Darrel",1,"2004-06-28",3,46.39,"C",1
17450,"HART, Jim",1,"1997-06-02",1,53.06,"Ref.",1
17457,"HAYES, Sharon",1,"1997-06-02",1,43.61,"Ref.",1
17465,"HARRIS, Dick",1,"2011-05-02",6,56.17,"C",1
17493,"SCOTT, Mike",1,"1997-06-02",1,42.35,"Ref.",1
17507,"MEREDITH, Val",1,"2000-11-27",2,59.95,"CA",1
17541,"MCWHINNEY, Ted",1,"1997-06-02",1,42.14,"Lib",1
17551,"DHALIWAL, Herb",1,"2000-11-27",2,42.7,"Lib",1
17563,"ANDERSON, David",1,"2004-06-28",3,35.04,"Lib",1
17673,"SCOTT, Andy",1,"2006-01-23",4,41.8,"Lib",1
17697,"WAYNE, Elsie",1,"2000-11-27",2,50.92,"P.C.",1
17808,"BEAUMIER, Colleen",1,"2006-01-23",4,49.12,"Lib",1
17813,"STEWART, Jane",1,"2000-11-27",2,56.42,"Lib",1
17866,"COLLENETTE, David",1,"2000-11-27",2,66.6,"Lib",1
17876,"GODFREY, John",1,"2006-01-23",4,53.36,"Lib",1
17884,"SHEPHERD, Alex",1,"2000-11-27",2,45.2,"Lib",1
17918,"ROCK, Allan",1,"2000-11-27",2,56.37,"Lib",1
17934,"AUGUSTINE, Jean",1,"2004-06-28",3,50.24,"Lib",1
17946,"CHAMBERLAIN, Brenda",1,"2006-01-23",4,38.39,"Lib",1
17960,"REED, Julian",1,"2000-11-27",2,47.27,"Lib",1
17983,"BRYDEN, John",1,"2000-11-27",2,41.16,"Lib",1
17995,"STECKLE, Paul",1,"2006-01-23",4,39.84,"Lib",1
18019,"UR, Rose Marie",1,"2004-06-28",3,39.73,"Lib",1
18067,"O'BRIEN, Pat",1,"2004-06-28",3,38.08,"Lib",1
18097,"PARRISH, Carolyn",1,"2004-06-28",3,54.37,"Lib",1
18117,"BONIN, Raymond",1,"2006-01-23",4,43.31,"Lib",1
18147,"GROSE, Ivan",1,"2000-11-27",2,42.92,"Lib",1
18188,"FINLAY, John",1,"2000-11-27",2,35.55,"Lib",1
18211,"RICHARDSON, John Alexander",1,"2000-11-27",2,40.37,"Lib",1
18217,"ADAMS, Peter",1,"2004-06-28",3,43.55,"Lib",1
18295,"DEVILLERS, Paul",1,"2004-06-28",3,43.36,"Lib",1
18392,"COHEN, Shaughnessy",1,"1997-06-02",1,39.89,"Lib",1
18399,"EGGLETON, Art",1,"2000-11-27",2,71.09,"Lib",1
18429,"KRAFT SLOAN, Karen",1,"2000-11-27",2,46.5,"Lib",1
18462,"DUMAS, Maurice",1,"1997-06-02",1,40.87,"B.Q.",1
18480,"BELLEHUMEUR, Michel",1,"2000-11-27",2,57.06,"B.Q.",1
18486,"MERCIER, Paul",1,"1997-06-02",1,50.36,"B.Q.",1
18508,"LEBEL, Ghislain",1,"2000-11-27",2,49.94,"B.Q.",1
18513,"LEFEBVRE, Rejean",1,"1997-06-02",1,44,"B.Q.",1
18525,"GODIN, Maurice",1,"1997-06-02",1,45.47,"B.Q.",1
18532,"PICARD, Pauline",1,"2006-01-23",4,49.69,"B.Q.",1
18539,"BERNIER, Yvan",1,"1997-06-02",1,41.26,"B.Q.",1
18545,"MENARD, Real",1,"2008-10-14",5,49.73,"B.Q.",1
18549,"MASSE, Marcel",1,"1997-06-02",1,54.11,"Lib",1
18556,"LAURIN, Rene",1,"1997-06-02",1,46.54,"B.Q.",1
18564,"CRETE, Paul",1,"2008-10-14",5,46.03,"B.Q.",1
18595,"DALPHOND GUIRAL, Madeleine",1,"2000-11-27",2,43.35,"B.Q.",1
18603,"DEBIEN, Maud",1,"1997-06-02",1,38.46,"B.Q.",1
18616,"DUBE, Antoine",1,"2000-11-27",2,41.85,"B.Q.",1
18638,"CANUEL, Rene",1,"1997-06-02",1,44.79,"B.Q.",1
18649,"LALONDE, Francine",1,"2008-10-14",5,56.09,"B.Q.",1
18691,"BERTRAND, Robert",1,"2000-11-27",2,45.36,"Lib",1
18696,"DE SAVOYE, Pierre",1,"1997-06-02",1,43.3,"B.Q.",1
18720,"TREMBLAY, Suzanne",1,"2000-11-27",2,59.55,"B.Q.",1
18726,"GAUTHIER, Michel",1,"2006-01-23",4,45.2,"B.Q.",1
18757,"LOUBIER, Yvan",1,"2006-01-23",4,56.02,"B.Q.",1
18793,"BRIEN, Pierre",1,"2000-11-27",2,50.14,"B.Q.",1
18797,"SAUVAGEAU, Benoit",1,"2006-01-23",4,62.42,"B.Q.",1
18800,"ROCHELEAU, Yves",1,"2000-11-27",2,46.67,"B.Q.",1
18809,"BERGERON, Stephane",1,"2004-06-28",3,67.62,"B.Q.",1
18833,"KERPAN, Allan",1,"1997-06-02",1,36.88,"Ref.",1
18891,"MORRISON, Lee",1,"1997-06-02",1,49.1,"Ref.",1
18899,"BREITKREUZ, Garry",1,"2011-05-02",6,68.93,"C",1
18922,"ROBILLARD, Lucienne",1,"2006-01-23",4,45.68,"Lib",1
18927,"BYRNE, Gerry",1,"2011-05-02",6,57.04,"Lib",1
18931,"O'BRIEN, Lawrence David",1,"2004-06-28",3,62.23,"Lib",1
18936,"CULLEN, Roy",1,"2006-01-23",4,61.62,"Lib",1
18942,"TREMBLAY, Stephan",1,"2000-11-27",2,66.17,"B.Q.",1
18986,"ANDERS, Robert",1,"2011-05-02",5,62.16,"C",1
18996,"GOLDRING, Peter",1,"2011-05-02",5,52.75,"C",1
19027,"CASSON, Rick",1,"2008-10-14",4,66.96,"C",1
19065,"MCNALLY, Grant",1,"2000-11-27",1,58.42,"CA",1
19101,"ELLEY, Reed",1,"2000-11-27",1,46.63,"CA",1
19152,"GREWAL, Gurmant",1,"2004-06-28",2,32.82,"C",1
19160,"CADMAN, Chuck",1,"2004-06-28",2,43.8,"Ind.",1
19176,"DAVIES, Libby",1,"2011-05-02",5,62.83,"N.D.P.",1
19187,"LEUNG, Sophia",1,"2000-11-27",1,43.07,"Lib",1
19213,"REYNOLDS, John",1,"2004-06-28",2,35.3,"C",1
19218,"BOROTSIK, Rick",1,"2000-11-27",1,37.41,"P.C.",1
19226,"MARK, Inky",1,"2008-10-14",4,61.36,"C",1
19229,"PALLISTER, Brian",1,"2006-01-23",2,69.78,"C",1
19237,"HILSTROM, Howard",1,"2000-11-27",1,43.82,"CA",1
19247,"WASYLYCIA LEIS, Judy",1,"2008-10-14",4,62.61,"N.D.P.",1
19266,"GODIN, Yvon",1,"2011-05-02",5,69.69,"N.D.P.",1
19286,"BRADSHAW, Claudette",1,"2004-06-28",2,59.29,"Lib",1
19301,"MATTHEWS, Bill",1,"2006-01-23",3,45.49,"Lib",1
19310,"DOYLE, Norman",1,"2006-01-23",3,46.56,"C",1
19318,"KARETAK LINDELL, Nancy",1,"2006-01-23",3,39.98,"Lib",1
19331,"LILL, Wendy",1,"2000-11-27",1,36.28,"N.D.P.",1
19335,"MCDONOUGH, Alexa",1,"2006-01-23",3,46.88,"N.D.P.",1
19346,"MACKAY, Peter G.",1,"2011-05-02",5,56.79,"C",1
19351,"KEDDY, Gerald",1,"2011-05-02",5,43.15,"C",1
19541,"MAHONEY, Steve",1,"2000-11-27",1,63.2,"Lib",1
19618,"SCHELLENBERGER, Gary",1,"2011-05-02",4,54.48,"C",1
19696,"CAPLAN, Elinor",1,"2000-11-27",1,64.59,"Lib",1
19752,"COMARTIN, Joe",1,"2011-05-02",4,49.92,"N.D.P.",1
19788,"CHARBONNEAU, Yvon",1,"2000-11-27",1,57.86,"Lib",1
19796,"DROUIN, Claude",1,"2004-06-28",2,41.38,"Lib",1
19808,"NORMAND, Gilbert",1,"2000-11-27",1,47.91,"Lib",1
19895,"FOLCO, Raymonde",1,"2008-10-14",4,40.45,"Lib",1
19902,"ST HILAIRE, Caroline",1,"2006-01-23",3,55.2,"B.Q.",1
19913,"FOURNIER, Ghislain",1,"2000-11-27",1,53.24,"B.Q.",1
19963,"BACHAND, Andre",1,"2000-11-27",1,37.2,"P.C.",1
19979,"PERRON, Gilles A.",1,"2006-01-23",3,53.9,"B.Q.",1
20063,"BAILEY, Roy H.",1,"2000-11-27",1,63.28,"CA",1
20066,"VELLACOTT, Maurice",1,"2011-05-02",5,58.43,"C",1
20108,"COTLER, Irwin",1,"2011-05-02",5,41.41,"Lib",1
20116,"HEARN, Loyola",1,"2006-01-23",3,44.69,"C",1
20121,"DAY, Stockwell",1,"2008-10-14",4,58.13,"C",1
20128,"CLARK, Joe",1,"2000-11-27",1,46.05,"P.C.",1
20178,"RAJOTTE, James",1,"2011-05-02",4,63.57,"C",1
20219,"MERRIFIELD, Rob",1,"2011-05-02",4,77.03,"C",1
20250,"HINTON, Betty Zane",1,"2006-01-23",2,39.27,"C",1
20268,"LUNNEY, James",1,"2011-05-02",4,46.42,"C",1
20300,"MOORE, James",1,"2011-05-02",4,56.07,"C",1
20365,"OWEN, Stephen",1,"2006-01-23",2,49.14,"Lib",1
20405,"TOEWS, Vic",1,"2011-05-02",4,70.6,"C",1
20978,"MURPHY, Shawn",1,"2008-10-14",3,50.06,"Lib",1
21045,"GAGNON, Marcel",1,"2004-06-28",1,55.29,"B.Q.",1
21171,"ROY, Jean Yves",1,"2008-10-14",3,37.53,"B.Q.",1
21231,"BELLAVANCE, Andre",1,"2011-05-02",3,33.83,"B.Q.",1
21331,"YELICH, Lynne",1,"2011-05-02",4,54.4,"C",1
21339,"ANDERSON, David",1,"2011-05-02",4,69.85,"C",1
21346,"FITZPATRICK, Brian",1,"2006-01-23",2,54.44,"C",1
21359,"SKELTON, Carol",1,"2006-01-23",2,45.54,"C",1
21385,"EFFORD, R. John",1,"2004-06-28",1,58.34,"Lib",1
21399,"PACETTI, Massimo",1,"2011-05-02",4,42.3,"Lib",1
21424,"JEAN, Brian",1,"2011-05-02",3,71.84,"C",1
21430,"PRENTICE, Jim",1,"2008-10-14",2,56.54,"C",1
21438,"RICHARDSON, Lee",1,"2011-05-02",3,57.68,"C",1
21495,"MENZIES, Ted",1,"2011-05-02",3,77.48,"C",1
21529,"SIKSAY, Bill",1,"2008-10-14",2,37.94,"N.D.P.",1
21553,"KAMP, Randy",1,"2011-05-02",3,54.34,"C",1
21588,"CROWDER, Jean",1,"2011-05-02",3,48.9,"N.D.P.",1
21633,"HIEBERT, Russ",1,"2011-05-02",3,54.55,"C",1
21663,"EMERSON, David",1,"2006-01-23",1,43.45,"Lib",1
21687,"TWEED, Merv",1,"2011-05-02",3,63.73,"C",1
21708,"SMITH, Joy",1,"2011-05-02",3,58.16,"C",1
21890,"O'CONNOR, Gordon",1,"2011-05-02",3,56.95,"C",1
21897,"ODA, Bev",1,"2011-05-02",3,54.55,"C",1
21920,"PRESTON, Joe",1,"2011-05-02",3,57.55,"C",1
21956,"DEVOLIN, Barry",1,"2011-05-02",3,60.03,"C",1
22041,"STRONACH, Belinda",1,"2006-01-23",1,46.21,"Lib",1
22204,"LAYTON, Jack",1,"2011-05-02",3,60.8,"N.D.P.",1
22334,"BLAIS, Raynald",1,"2008-10-14",2,40.1,"B.Q.",1
22423,"MENARD, Serge",1,"2008-10-14",2,45.53,"B.Q.",1
22450,"LAPIERRE, Jean C.",1,"2006-01-23",1,35.18,"Lib",1
22528,"KOTTO, Maka",1,"2006-01-23",1,45.3,"B.Q.",1
22588,"BATTERS, Dave",1,"2006-01-23",1,42.99,"C",1
22613,"KOMARNICKI, Ed",1,"2011-05-02",3,73.98,"C",1
22658,"HAWN, Laurie",1,"2011-05-02",2,48.03,"C",1
22704,"STORSETH, Brian",1,"2011-05-02",2,77.82,"C",1
22722,"ATAMANENKO, Alex",1,"2011-05-02",2,50.92,"N.D.P.",1
22765,"BLACK, Dawn",1,"2008-10-14",1,41.83,"N.D.P.",1
22781,"MAYES, Colin",1,"2011-05-02",2,55.45,"C",1
22831,"SAVOIE, Denise",1,"2011-05-02",2,50.78,"N.D.P.",1
22871,"BRUINOOGE, Rod",1,"2011-05-02",2,52.24,"C",1
22906,"ALLEN, Mike",1,"2011-05-02",2,62.7,"C",1
22968,"BROWN, Patrick",1,"2011-05-02",2,56.7,"C",1
23049,"CHARLTON, Chris",1,"2011-05-02",2,47.17,"N.D.P.",1
23113,"NORLOCK, Rick",1,"2011-05-02",2,53.83,"C",1
23126,"BAIRD, John",1,"2011-05-02",2,44.71,"C",1
23144,"DEL MASTRO, Dean",1,"2011-05-02",2,49.67,"C",1
23157,"DAVIDSON, Pat",1,"2011-05-02",2,52.58,"C",1
23225,"FLAHERTY, Jim",1,"2011-05-02",2,58.42,"C",1
23293,"OUELLET, Christian",1,"2008-10-14",1,35.21,"B.Q.",1
23396,"PARADIS, Christian",1,"2011-05-02",2,49.14,"C",1
23645,"PAYNE, LaVar",1,"2011-05-02",1,71.55,"C",1
23822,"GLOVER, Shelly",1,"2011-05-02",1,50.28,"C",1
23935,"KERR, Greg",1,"2011-05-02",1,47.04,"C",1
24017,"VALERIOTE, Frank",1,"2011-05-02",1,43.35,"Lib",1
24221,"THIBEAULT, Glenn",1,"2011-05-02",1,49.92,"N.D.P.",1
24234,"RAE, Bob",1,"2011-05-02",1,41.01,"Lib",1
24574,"BOUGHEN, Ray",1,"2011-05-02",1,47,"C",1
